{
  "characterization": {
    "sensitivity_per_N": 0.09556779052723675,
    "linearity_r2": 0.9490928328661093,
    "resolution_mN": 109.42647444832144,
    "detection_floor_N": 0.5,
    "saturation_onset_N": 7.0,
    "hysteresis_pct_fs": 13.959322399654726,
    "repeatability_force_std_mN": 54.71323722416072
  },
  "models": {
    "random/linear": {
      "model": "linear",
      "n_train": 89580,
      "n_test": 22380,
      "detection_f1": 0.9735381199111769,
      "force_mae_N": 0.35394985408506563,
      "force_rmse_N": 0.4633826139210328,
      "force_r2": 0.9690554936417963,
      "loc_err_median_mm": 6.5747740240251415,
      "loc_err_p90_mm": 16.147539872892263
    },
    "random/mlp": {
      "model": "mlp",
      "n_train": 89580,
      "n_test": 22380,
      "detection_f1": 0.9737791566126623,
      "force_mae_N": 0.22766599010633964,
      "force_rmse_N": 0.30116542673532865,
      "force_r2": 0.986928834389498,
      "loc_err_median_mm": 0.8761127301196043,
      "loc_err_p90_mm": 4.928732465769874
    },
    "spatial_holdout/linear": {
      "model": "linear",
      "n_train": 87540,
      "n_test": 24420,
      "detection_f1": 0.9594806646460738,
      "force_mae_N": 0.9151528849888879,
      "force_rmse_N": 1.5146571937965443,
      "force_r2": 0.6822419382917162,
      "loc_err_median_mm": 17.624195240806785,
      "loc_err_p90_mm": 39.800531835985964
    },
    "spatial_holdout/mlp": {
      "model": "mlp",
      "n_train": 87540,
      "n_test": 24420,
      "detection_f1": 0.9759838631731557,
      "force_mae_N": 1.5987890867485028,
      "force_rmse_N": 3.1744290645229323,
      "force_r2": -0.3957226539945866,
      "loc_err_median_mm": 9.877882855271078,
      "loc_err_p90_mm": 21.211937701783718
    }
  },
  "config_sha": "acb8130d8626",
  "seed": 42
}