{
  "characterization": {
    "sensitivity_per_N": 0.09556779052723675,
    "linearity_r2": 0.9490928328661093,
    "resolution_mN": 246.9997142312334,
    "detection_floor_N": 0.5,
    "saturation_onset_N": 7.0,
    "hysteresis_pct_fs": 13.959322399654726,
    "repeatability_force_std_mN": 123.4998571156167
  },
  "models": {
    "random/linear": {
      "model": "linear",
      "n_train": 89580,
      "n_test": 22380,
      "detection_f1": 0.9735381199111769,
      "force_mae_N": 0.35394985408506563,
      "force_rmse_N": 0.4633826139210328,
      "force_r2": 0.9690554936417963,
      "loc_err_median_mm": 6.5747740240251415,
      "loc_err_p90_mm": 16.147539872892263
    },
    "random/mlp": {
      "model": "mlp",
      "n_train": 89580,
      "n_test": 22380,
      "detection_f1": 0.9652507833297995,
      "force_mae_N": 0.22313695196465663,
      "force_rmse_N": 0.29838640943596206,
      "force_r2": 0.9871689509294047,
      "loc_err_median_mm": 0.8080679995054912,
      "loc_err_p90_mm": 4.8402337399137725
    },
    "spatial_holdout/linear": {
      "model": "linear",
      "n_train": 87540,
      "n_test": 24420,
      "detection_f1": 0.9594806646460738,
      "force_mae_N": 0.9151528849888879,
      "force_rmse_N": 1.5146571937965443,
      "force_r2": 0.6822419382917162,
      "loc_err_median_mm": 17.624195240806785,
      "loc_err_p90_mm": 39.800531835985964
    },
    "spatial_holdout/mlp": {
      "model": "mlp",
      "n_train": 87540,
      "n_test": 24420,
      "detection_f1": 0.96316118868291,
      "force_mae_N": 2.558505210170774,
      "force_rmse_N": 5.350733182696807,
      "force_r2": -2.9654681341991975,
      "loc_err_median_mm": 10.207341316373824,
      "loc_err_p90_mm": 24.152218420233183
    }
  },
  "config_sha": "acb8130d8626",
  "seed": 42
}